expiry,strike,mid_c,bid_c,ask_c,mid_p,bid_p,ask_p,parity_ok,parity_severity
2026-09-08,670.0,103.13,102.45,103.81,0.005,0.0,0.01,False,mid_only
2026-09-08,690.0,83.145,82.47,83.82,0.015,0.01,0.02,False,mid_only
2026-09-08,695.0,78.15,77.47,78.83,0.015,0.01,0.02,False,mid_only
2026-09-08,700.0,73.145,72.52,73.77,0.015,0.01,0.02,False,mid_only
2026-09-08,705.0,68.155,67.48,68.83,0.015,0.01,0.02,False,mid_only
2026-09-08,710.0,63.16,62.48,63.84,0.015,0.01,0.02,False,mid_only
2026-09-08,715.0,58.155,57.53,58.78,0.025,0.02,0.03,False,mid_only
2026-09-08,718.0,55.17,54.49,55.85,0.025,0.02,0.03,False,mid_only
2026-09-08,719.0,54.17,53.49,54.85,0.025,0.02,0.03,False,mid_only
2026-09-08,720.0,53.165,52.54,53.79,0.025,0.02,0.03,False,mid_only
2026-09-08,721.0,52.17,51.49,52.85,0.025,0.02,0.03,False,mid_only
2026-09-08,722.0,51.17,50.49,51.85,0.025,0.02,0.03,False,mid_only
2026-09-08,723.0,50.175,49.5,50.85,0.025,0.02,0.03,False,mid_only
2026-09-08,724.0,49.175,48.5,49.85,0.025,0.02,0.03,False,mid_only
2026-09-08,725.0,48.175,47.5,48.85,0.035,0.03,0.04,False,mid_only
2026-09-08,726.0,47.205,46.55,47.86,0.035,0.03,0.04,False,mid_only
2026-09-08,727.0,46.18,45.5,46.86,0.035,0.03,0.04,False,mid_only
2026-09-08,728.0,45.175,44.55,45.8,0.035,0.03,0.04,False,mid_only
2026-09-08,729.0,44.185,43.51,44.86,0.035,0.03,0.04,False,mid_only
2026-09-08,730.0,43.27,42.86,43.68,0.035,0.03,0.04,False,mid_only
2026-09-08,731.0,42.185,41.51,42.86,0.035,0.03,0.04,False,mid_only
2026-09-08,732.0,41.18,40.56,41.8,0.035,0.03,0.04,False,mid_only
2026-09-08,733.0,40.19,39.51,40.87,0.035,0.03,0.04,False,mid_only
2026-09-08,734.0,39.19,38.57,39.81,0.045,0.04,0.05,False,mid_only
2026-09-08,735.0,38.165000000000006,37.52,38.81,0.045,0.04,0.05,False,mid_only
2026-09-08,736.0,37.22,36.57,37.87,0.045,0.04,0.05,False,mid_only
2026-09-08,737.0,36.19,35.57,36.81,0.045,0.04,0.05,False,mid_only
2026-09-08,738.0,35.195,34.58,35.81,0.045,0.04,0.05,False,mid_only
2026-09-08,739.0,34.195,33.58,34.81,0.045,0.04,0.05,False,mid_only
2026-09-08,740.0,33.2,32.58,33.82,0.055,0.05,0.06,False,mid_only
2026-09-08,741.0,32.205,31.59,32.82,0.055,0.05,0.06,False,mid_only
2026-09-08,742.0,31.205,30.59,31.82,0.055,0.05,0.06,False,mid_only
2026-09-08,743.0,30.21,29.6,30.82,0.065,0.06,0.07,False,mid_only
2026-09-08,744.0,29.215,28.6,29.83,0.065,0.06,0.07,False,mid_only
2026-09-08,745.0,28.22,27.61,28.83,0.065,0.06,0.07,False,mid_only
2026-09-08,746.0,27.22,26.61,27.83,0.075,0.07,0.08,False,mid_only
2026-09-08,747.0,26.23,25.62,26.84,0.075,0.07,0.08,False,mid_only
2026-09-08,748.0,25.235,24.63,25.84,0.0849999999999999,0.08,0.09,False,mid_only
2026-09-08,749.0,24.245,23.64,24.85,0.0849999999999999,0.08,0.09,False,mid_only
2026-09-08,750.0,23.335,22.94,23.73,0.095,0.09,0.1,False,mid_only
2026-09-08,751.0,22.34,21.94,22.74,0.105,0.1,0.11,False,mid_only
2026-09-08,752.0,21.35,20.95,21.75,0.1149999999999999,0.11,0.12,False,mid_only
2026-09-08,753.0,20.355,19.96,20.75,0.125,0.12,0.13,False,mid_only
2026-09-08,754.0,19.385,19.0,19.77,0.145,0.14,0.15,False,mid_only
2026-09-08,755.0,18.37,17.99,18.75,0.155,0.15,0.16,False,mid_only
2026-09-08,756.0,17.42,17.04,17.8,0.185,0.18,0.19,False,mid_only
2026-09-08,757.0,16.43,16.05,16.81,0.205,0.2,0.21,False,mid_only
2026-09-08,758.0,15.45,15.07,15.83,0.235,0.23,0.24,False,mid_only
2026-09-08,759.0,14.485,14.13,14.84,0.265,0.26,0.27,False,mid_only
2026-09-08,760.0,13.455,13.26,13.65,0.315,0.31,0.32,True,ok
2026-09-08,761.0,12.46,12.23,12.69,0.365,0.36,0.37,False,mid_only
2026-09-08,762.0,11.54,11.29,11.79,0.425,0.42,0.43,False,mid_only
2026-09-08,763.0,10.655,10.45,10.86,0.495,0.49,0.5,True,ok
2026-09-08,764.0,9.71,9.49,9.93,0.585,0.58,0.59,False,mid_only
2026-09-08,765.0,8.835,8.67,9.0,0.695,0.69,0.7,True,ok
2026-09-08,766.0,7.97,7.82,8.12,0.8200000000000001,0.81,0.83,True,ok
2026-09-08,767.0,7.13,6.99,7.27,0.975,0.97,0.98,True,ok
2026-09-08,768.0,6.315,6.19,6.44,1.15,1.14,1.16,True,ok
2026-09-08,769.0,5.52,5.44,5.6,1.37,1.36,1.38,True,ok
2026-09-08,770.0,4.795,4.74,4.85,1.63,1.62,1.64,True,ok
2026-09-08,771.0,4.1,4.05,4.15,1.935,1.93,1.94,True,ok
2026-09-08,772.0,3.455,3.41,3.5,2.29,2.28,2.3,True,ok
2026-09-08,773.0,2.87,2.86,2.88,2.7,2.69,2.71,True,ok
2026-09-08,774.0,2.34,2.33,2.35,3.17,3.16,3.18,True,ok
2026-09-08,775.0,1.88,1.87,1.89,3.675,3.62,3.73,False,mid_only
2026-09-08,776.0,1.475,1.47,1.48,4.32,4.21,4.43,False,mid_only
2026-09-08,777.0,1.14,1.13,1.15,4.98,4.89,5.07,True,ok
2026-09-08,778.0,0.865,0.86,0.87,5.68,5.58,5.78,True,ok
2026-09-08,779.0,0.64,0.63,0.65,6.49,6.35,6.63,False,mid_only
2026-09-08,780.0,0.4649999999999999,0.46,0.47,7.305,7.13,7.48,False,mid_only
2026-09-08,781.0,0.335,0.33,0.34,8.21,7.86,8.56,False,mid_only
2026-09-08,782.0,0.245,0.24,0.25,9.165,8.81,9.52,False,mid_only
2026-09-08,783.0,0.175,0.17,0.18,10.2,9.63,10.77,False,mid_only
2026-09-08,784.0,0.125,0.12,0.13,11.205,10.61,11.8,False,mid_only
2026-09-08,785.0,0.0849999999999999,0.08,0.09,12.375,11.99,12.76,False,hard
2026-09-08,786.0,0.065,0.06,0.07,13.17,12.57,13.77,False,mid_only
2026-09-08,787.0,0.055,0.05,0.06,14.17,13.56,14.78,False,mid_only
2026-09-08,788.0,0.045,0.04,0.05,15.2,14.56,15.84,False,mid_only
2026-09-08,789.0,0.035,0.03,0.04,16.17,15.55,16.79,False,mid_only
2026-09-08,790.0,0.025,0.02,0.03,17.175,16.5,17.85,False,mid_only
2026-09-08,791.0,0.025,0.02,0.03,18.17,17.54,18.8,False,mid_only
2026-09-08,792.0,0.025,0.02,0.03,19.175,18.54,19.81,False,mid_only
2026-09-08,798.0,0.015,0.01,0.02,25.195,24.53,25.86,False,mid_only
2026-09-08,799.0,0.015,0.01,0.02,26.145,25.48,26.81,False,mid_only
2026-09-08,800.0,0.015,0.01,0.02,27.17,26.53,27.81,False,mid_only
2026-09-08,801.0,0.015,0.01,0.02,28.145,27.48,28.81,False,mid_only
2026-09-08,803.0,0.015,0.01,0.02,30.17,29.53,30.81,False,mid_only
2026-09-08,807.0,0.015,0.01,0.02,34.17,33.53,34.81,False,mid_only
2026-09-08,810.0,0.005,0.0,0.01,37.17,36.48,37.86,False,mid_only
2026-09-09,670.0,103.19,102.51,103.87,0.015,0.01,0.02,False,mid_only
2026-09-09,675.0,98.2,97.52,98.88,0.015,0.01,0.02,False,mid_only
2026-09-09,680.0,93.195,92.57,93.82,0.015,0.01,0.02,False,mid_only
2026-09-09,685.0,88.19999999999999,87.57,88.83,0.015,0.01,0.02,False,mid_only
2026-09-09,690.0,83.205,82.58,83.83,0.015,0.01,0.02,False,mid_only
2026-09-09,695.0,78.205,77.58,78.83,0.025,0.02,0.03,False,mid_only
2026-09-09,700.0,73.22,72.54,73.9,0.025,0.02,0.03,False,mid_only
2026-09-09,705.0,68.215,67.59,68.84,0.025,0.02,0.03,False,mid_only
2026-09-09,710.0,63.23,62.55,63.91,0.025,0.02,0.03,False,mid_only
2026-09-09,715.0,58.235,57.61,58.86,0.035,0.03,0.04,False,mid_only
2026-09-09,718.0,55.24,54.56,55.92,0.035,0.03,0.04,False,mid_only
2026-09-09,719.0,54.245000000000005,53.57,54.92,0.035,0.03,0.04,False,mid_only
2026-09-09,720.0,53.25,52.57,53.93,0.035,0.03,0.04,False,mid_only
2026-09-09,721.0,52.245,51.62,52.87,0.035,0.03,0.04,False,mid_only
2026-09-09,722.0,51.245,50.62,51.87,0.035,0.03,0.04,False,mid_only
2026-09-09,723.0,50.245,49.62,50.87,0.045,0.04,0.05,False,mid_only
2026-09-09,724.0,49.245,48.62,49.87,0.045,0.04,0.05,False,mid_only
2026-09-09,725.0,48.25,47.63,48.87,0.045,0.04,0.05,False,mid_only
2026-09-09,726.0,47.25,46.63,47.87,0.045,0.04,0.05,False,mid_only
2026-09-09,727.0,46.25,45.63,46.87,0.045,0.04,0.05,False,mid_only
2026-09-09,728.0,45.265,44.59,45.94,0.045,0.04,0.05,False,mid_only
2026-09-09,729.0,44.265,43.59,44.94,0.045,0.04,0.05,False,mid_only
2026-09-09,730.0,43.35,42.94,43.76,0.055,0.05,0.06,False,mid_only
2026-09-09,731.0,42.265,41.59,42.94,0.055,0.05,0.06,False,mid_only
2026-09-09,732.0,41.265,40.65,41.88,0.055,0.05,0.06,False,mid_only
2026-09-09,733.0,40.27,39.65,40.89,0.055,0.05,0.06,False,mid_only
2026-09-09,734.0,39.275000000000006,38.6,39.95,0.055,0.05,0.06,False,mid_only
2026-09-09,735.0,38.365,37.96,38.77,0.065,0.06,0.07,False,mid_only
2026-09-09,736.0,37.275,36.66,37.89,0.065,0.06,0.07,False,mid_only
2026-09-09,737.0,36.28,35.66,36.9,0.065,0.06,0.07,False,mid_only
2026-09-09,738.0,35.29,34.62,35.96,0.065,0.06,0.07,False,mid_only
2026-09-09,739.0,34.295,33.63,34.96,0.075,0.07,0.08,False,mid_only
2026-09-09,740.0,33.29,32.68,33.9,0.075,0.07,0.08,False,mid_only
2026-09-09,741.0,32.3,31.69,32.91,0.0849999999999999,0.08,0.09,False,mid_only
2026-09-09,742.0,31.3,30.69,31.91,0.0849999999999999,0.08,0.09,False,mid_only
2026-09-09,743.0,30.31,29.7,30.92,0.095,0.09,0.1,False,mid_only
2026-09-09,744.0,29.315,28.71,29.92,0.095,0.09,0.1,False,mid_only
2026-09-09,745.0,28.325,27.72,28.93,0.105,0.1,0.11,False,mid_only
2026-09-09,746.0,27.33,26.73,27.93,0.1149999999999999,0.11,0.12,False,mid_only
2026-09-09,747.0,26.34,25.74,26.94,0.125,0.12,0.13,False,mid_only
2026-09-09,748.0,25.35,24.75,25.95,0.135,0.13,0.14,False,mid_only
2026-09-09,749.0,24.365,23.77,24.96,0.145,0.14,0.15,False,mid_only
2026-09-09,750.0,23.46,23.07,23.85,0.155,0.15,0.16,False,mid_only
2026-09-09,751.0,22.355,22.09,22.62,0.175,0.17,0.18,False,mid_only
2026-09-09,752.0,21.42,20.83,22.01,0.195,0.19,0.2,False,mid_only
2026-09-09,753.0,20.505,20.11,20.9,0.215,0.21,0.22,False,mid_only
2026-09-09,754.0,19.54,19.16,19.92,0.235,0.23,0.24,False,mid_only
2026-09-09,755.0,18.555,18.17,18.94,0.265,0.26,0.27,False,mid_only
2026-09-09,756.0,17.58,17.2,17.96,0.305,0.3,0.31,False,mid_only
2026-09-09,757.0,16.62,16.26,16.98,0.345,0.34,0.35,False,mid_only
2026-09-09,758.0,15.695,15.39,16.0,0.385,0.38,0.39,False,mid_only
2026-09-09,759.0,14.704999999999998,14.37,15.04,0.445,0.44,0.45,True,ok
2026-09-09,760.0,13.745,13.41,14.08,0.505,0.5,0.51,True,ok
2026-09-09,761.0,12.82,12.51,13.13,0.575,0.57,0.58,True,ok
2026-09-09,762.0,11.895,11.6,12.19,0.665,0.66,0.67,True,ok
2026-09-09,763.0,10.96,10.78,11.14,0.765,0.76,0.77,False,mid_only
2026-09-09,764.0,10.075,9.9,10.25,0.88,0.87,0.89,False,mid_only
2026-09-09,765.0,9.215,9.05,9.38,1.015,1.01,1.02,False,mid_only
2026-09-09,766.0,8.379999999999999,8.23,8.53,1.17,1.16,1.18,False,mid_only
2026-09-09,767.0,7.564999999999999,7.42,7.71,1.35,1.34,1.36,True,ok
2026-09-09,768.0,6.79,6.67,6.91,1.56,1.55,1.57,True,ok
2026-09-09,769.0,6.025,5.9,6.15,1.8,1.79,1.81,True,ok
2026-09-09,770.0,5.315,5.24,5.39,2.08,2.07,2.09,True,ok
2026-09-09,771.0,4.635,4.57,4.7,2.405,2.4,2.41,True,ok
2026-09-09,772.0,4.005,3.94,4.07,2.77,2.76,2.78,True,ok
2026-09-09,773.0,3.415,3.4,3.43,3.185,3.17,3.2,True,ok
2026-09-09,774.0,2.88,2.87,2.89,3.655,3.64,3.67,True,ok
2026-09-09,775.0,2.4000000000000004,2.39,2.41,4.17,4.12,4.22,True,ok
2026-09-09,776.0,1.975,1.97,1.98,4.755,4.67,4.84,True,ok
2026-09-09,777.0,1.6,1.59,1.61,5.385,5.31,5.46,True,ok
2026-09-09,778.0,1.28,1.27,1.29,6.0600000000000005,5.94,6.18,True,ok
2026-09-09,779.0,1.01,1.0,1.02,6.785,6.65,6.92,True,ok
2026-09-09,780.0,0.785,0.78,0.79,7.57,7.43,7.71,True,ok
2026-09-09,781.0,0.605,0.6,0.61,8.39,8.23,8.55,True,ok
2026-09-09,782.0,0.455,0.45,0.46,9.275,9.05,9.5,False,mid_only
2026-09-09,783.0,0.3399999999999999,0.33,0.35,10.175,9.83,10.52,False,mid_only
2026-09-09,784.0,0.255,0.25,0.26,10.955,10.66,11.25,False,mid_only
2026-09-09,785.0,0.185,0.18,0.19,12.34,11.96,12.72,False,mid_only
2026-09-09,787.0,0.105,0.1,0.11,14.175,13.53,14.82,False,mid_only
2026-09-09,788.0,0.075,0.07,0.08,15.175,14.57,15.78,False,mid_only
2026-09-09,790.0,0.045,0.04,0.05,17.174999999999997,16.56,17.79,False,mid_only
2026-09-09,794.0,0.025,0.02,0.03,21.175,20.54,21.81,False,mid_only
2026-09-09,800.0,0.015,0.01,0.02,27.175,26.53,27.82,False,mid_only
2026-09-09,830.0,0.005,0.0,0.01,57.175,56.53,57.82,False,mid_only
2026-09-09,840.0,0.005,0.0,0.01,67.17500000000001,66.48,67.87,False,mid_only
2026-09-10,680.0,93.275,92.6,93.95,0.025,0.02,0.03,False,mid_only
2026-09-10,685.0,88.275,87.6,88.95,0.025,0.02,0.03,False,mid_only
2026-09-10,690.0,83.285,82.61,83.96,0.025,0.02,0.03,False,mid_only
2026-09-10,695.0,78.285,77.61,78.96,0.025,0.02,0.03,False,mid_only
2026-09-10,700.0,73.28999999999999,72.67,73.91,0.035,0.03,0.04,False,mid_only
2026-09-10,705.0,68.305,67.63,68.98,0.035,0.03,0.04,False,mid_only
2026-09-10,710.0,63.305,62.68,63.93,0.045,0.04,0.05,False,mid_only
2026-09-10,715.0,58.32,57.7,58.94,0.045,0.04,0.05,False,mid_only
2026-09-10,718.0,55.325,54.65,56.0,0.055,0.05,0.06,False,mid_only
2026-09-10,719.0,54.33,53.66,55.0,0.055,0.05,0.06,False,mid_only
2026-09-10,720.0,53.335,52.66,54.01,0.055,0.05,0.06,False,mid_only
2026-09-10,721.0,52.335,51.66,53.01,0.055,0.05,0.06,False,mid_only
2026-09-10,722.0,51.33,50.71,51.95,0.055,0.05,0.06,False,mid_only
2026-09-10,723.0,50.34,49.67,51.01,0.055,0.05,0.06,False,mid_only
2026-09-10,724.0,49.34,48.67,50.01,0.065,0.06,0.07,False,mid_only
2026-09-10,725.0,48.345,47.67,49.02,0.065,0.06,0.07,False,mid_only
2026-09-10,726.0,47.35,46.68,48.02,0.065,0.06,0.07,False,mid_only
2026-09-10,727.0,46.35,45.68,47.02,0.065,0.06,0.07,False,mid_only
2026-09-10,728.0,45.345,44.73,45.96,0.065,0.06,0.07,False,mid_only
2026-09-10,729.0,44.35,43.73,44.97,0.075,0.07,0.08,False,mid_only
2026-09-10,730.0,43.355,42.74,43.97,0.075,0.07,0.08,False,mid_only
2026-09-10,731.0,42.36,41.69,43.03,0.075,0.07,0.08,False,mid_only
2026-09-10,732.0,41.365,40.75,41.98,0.0849999999999999,0.08,0.09,False,mid_only
2026-09-10,733.0,40.365,39.75,40.98,0.0849999999999999,0.08,0.09,False,mid_only
2026-09-10,734.0,39.375,38.71,40.04,0.0849999999999999,0.08,0.09,False,mid_only
2026-09-10,735.0,38.38,37.71,39.05,0.095,0.09,0.1,False,mid_only
2026-09-10,736.0,37.385,36.72,38.05,0.095,0.09,0.1,False,mid_only
2026-09-10,737.0,36.38,35.77,36.99,0.105,0.1,0.11,False,mid_only
2026-09-10,738.0,35.39,34.78,36.0,0.105,0.1,0.11,False,mid_only
2026-09-10,740.0,33.405,32.8,34.01,0.1149999999999999,0.11,0.12,False,mid_only
2026-09-10,741.0,32.415,31.81,33.02,0.125,0.12,0.13,False,mid_only
2026-09-10,742.0,31.425,30.82,32.03,0.135,0.13,0.14,False,mid_only
2026-09-10,743.0,30.435,29.83,31.04,0.145,0.14,0.15,False,mid_only
2026-09-10,744.0,29.445,28.84,30.05,0.155,0.15,0.16,False,mid_only
2026-09-10,745.0,28.535,28.14,28.93,0.165,0.16,0.17,False,mid_only
2026-09-10,746.0,27.475,26.88,28.07,0.175,0.17,0.18,False,mid_only
2026-09-10,747.0,26.485,25.89,27.08,0.195,0.19,0.2,False,mid_only
2026-09-10,748.0,25.51,24.92,26.1,0.215,0.21,0.22,False,mid_only
2026-09-10,749.0,24.53,23.94,25.12,0.235,0.23,0.24,False,mid_only
2026-09-10,750.0,23.555,22.97,24.14,0.255,0.25,0.26,False,mid_only
2026-09-10,751.0,22.58,22.0,23.16,0.285,0.28,0.29,False,mid_only
2026-09-10,752.0,21.61,21.04,22.18,0.315,0.31,0.32,False,mid_only
2026-09-10,753.0,20.645,20.09,21.2,0.345,0.34,0.35,False,mid_only
2026-09-10,754.0,19.68,19.14,20.22,0.385,0.38,0.39,False,mid_only
2026-09-10,755.0,18.765,18.4,19.13,0.425,0.42,0.43,True,ok
2026-09-10,756.0,17.805,17.45,18.16,0.475,0.47,0.48,True,ok
2026-09-10,757.0,16.865000000000002,16.53,17.2,0.535,0.53,0.54,True,ok
2026-09-10,758.0,15.91,15.58,16.24,0.595,0.59,0.6,True,ok
2026-09-10,759.0,14.985,14.67,15.3,0.67,0.66,0.68,True,ok
2026-09-10,760.0,14.06,13.76,14.36,0.755,0.75,0.76,True,ok
2026-09-10,761.0,13.12,12.95,13.29,0.85,0.84,0.86,False,mid_only
2026-09-10,762.0,12.23,12.05,12.41,0.955,0.95,0.96,False,mid_only
2026-09-10,763.0,11.355,11.17,11.54,1.08,1.07,1.09,False,mid_only
2026-09-10,764.0,10.5,10.32,10.68,1.22,1.21,1.23,False,mid_only
2026-09-10,765.0,9.655,9.51,9.8,1.38,1.37,1.39,False,mid_only
2026-09-10,766.0,8.84,8.7,8.98,1.56,1.55,1.57,False,mid_only
2026-09-10,767.0,8.07,7.92,8.22,1.77,1.76,1.78,True,ok
2026-09-10,768.0,7.285,7.17,7.4,2.0,1.99,2.01,False,mid_only
2026-09-10,769.0,6.565,6.44,6.69,2.26,2.25,2.27,True,ok
2026-09-10,770.0,5.885,5.8,5.97,2.56,2.55,2.57,True,ok
2026-09-10,771.0,5.195,5.15,5.24,2.895,2.88,2.91,True,ok
2026-09-10,772.0,4.555,4.47,4.64,3.27,3.26,3.28,True,ok
2026-09-10,773.0,3.995,3.98,4.01,3.685,3.67,3.7,True,ok
2026-09-10,774.0,3.4450000000000003,3.43,3.46,4.145,4.13,4.16,True,ok
2026-09-10,775.0,2.95,2.94,2.96,4.655,4.61,4.7,True,ok
2026-09-10,776.0,2.5,2.49,2.51,5.215,5.1,5.33,True,ok
2026-09-10,777.0,2.095,2.09,2.1,5.82,5.7,5.94,False,mid_only
2026-09-10,778.0,1.74,1.73,1.75,6.47,6.35,6.59,False,mid_only
2026-09-10,779.0,1.43,1.42,1.44,7.17,7.01,7.33,False,mid_only
2026-09-10,780.0,1.16,1.15,1.17,7.9,7.73,8.07,False,mid_only
2026-09-10,781.0,0.93,0.92,0.94,8.64,8.49,8.79,True,ok
2026-09-10,782.0,0.745,0.74,0.75,9.454999999999998,9.29,9.62,True,ok
2026-09-10,783.0,0.59,0.58,0.6,10.3,10.12,10.48,True,ok
2026-09-10,784.0,0.4599999999999999,0.45,0.47,11.215,10.89,11.54,False,mid_only
2026-09-10,786.0,0.275,0.27,0.28,13.175,12.6,13.75,False,mid_only
2026-09-10,787.0,0.215,0.21,0.22,14.17,13.61,14.73,False,mid_only
2026-09-10,788.0,0.165,0.16,0.17,15.175,14.59,15.76,False,mid_only
2026-09-10,791.0,0.075,0.07,0.08,18.17,17.56,18.78,False,mid_only
2026-09-10,801.0,0.015,0.01,0.02,28.175,27.48,28.87,False,mid_only
2026-09-10,830.0,0.005,0.0,0.01,57.175,56.53,57.82,False,mid_only
2026-09-11,670.0,103.73,101.49,105.97,0.035,0.03,0.04,False,mid_only
2026-09-11,675.0,98.725,96.47,100.98,0.035,0.03,0.04,False,mid_only
2026-09-11,680.0,93.51,91.67,95.35,0.035,0.03,0.04,False,mid_only
2026-09-11,685.0,88.41999999999999,86.57,90.27,0.045,0.04,0.05,False,mid_only
2026-09-11,690.0,83.435,81.6,85.27,0.045,0.04,0.05,False,mid_only
2026-09-11,692.0,81.5,79.6,83.4,0.045,0.04,0.05,False,mid_only
2026-09-11,693.0,80.75999999999999,78.52,83.0,0.045,0.04,0.05,False,mid_only
2026-09-11,694.0,79.575,77.56,81.59,0.055,0.05,0.06,False,mid_only
2026-09-11,695.0,78.67500000000001,76.51,80.84,0.055,0.05,0.06,False,mid_only
2026-09-11,696.0,77.77000000000001,75.56,79.98,0.055,0.05,0.06,False,mid_only
2026-09-11,697.0,76.78,74.56,79.0,0.055,0.05,0.06,False,mid_only
2026-09-11,699.0,74.545,72.62,76.47,0.055,0.05,0.06,False,mid_only
2026-09-11,700.0,73.62,72.14,75.1,0.055,0.05,0.06,False,mid_only
2026-09-11,701.0,72.6,70.61,74.59,0.055,0.05,0.06,False,mid_only
2026-09-11,702.0,71.46,69.57,73.35,0.055,0.05,0.06,False,mid_only
2026-09-11,705.0,68.595,66.6,70.59,0.065,0.06,0.07,False,mid_only
2026-09-11,706.0,67.78999999999999,65.58,70.0,0.065,0.06,0.07,False,mid_only
2026-09-11,707.0,66.72,64.6,68.84,0.065,0.06,0.07,True,ok
2026-09-11,708.0,65.74,63.54,67.94,0.065,0.06,0.07,True,ok
2026-09-11,709.0,64.605,62.57,66.64,0.065,0.06,0.07,False,mid_only
2026-09-11,710.0,63.475,61.59,65.36,0.075,0.07,0.08,False,mid_only
2026-09-11,711.0,62.745,60.61,64.88,0.075,0.07,0.08,True,ok
2026-09-11,712.0,61.73,59.6,63.86,0.075,0.07,0.08,True,ok
2026-09-11,713.0,60.715,58.57,62.86,0.075,0.07,0.08,True,ok
2026-09-11,714.0,59.755,57.62,61.89,0.075,0.07,0.08,False,mid_only
2026-09-11,715.0,58.805,56.61,61.0,0.075,0.07,0.08,False,mid_only
2026-09-11,716.0,57.61,55.63,59.59,0.0849999999999999,0.08,0.09,False,mid_only
2026-09-11,717.0,56.765,54.63,58.9,0.0849999999999999,0.08,0.09,False,mid_only
2026-09-11,718.0,55.76,53.62,57.9,0.0849999999999999,0.08,0.09,False,mid_only
2026-09-11,719.0,54.77,52.64,56.9,0.0849999999999999,0.08,0.09,False,mid_only
2026-09-11,720.0,53.385,51.58,55.19,0.095,0.09,0.1,False,mid_only
2026-09-11,721.0,52.745000000000005,50.6,54.89,0.095,0.09,0.1,False,mid_only
2026-09-11,722.0,51.760000000000005,49.6,53.92,0.095,0.09,0.1,False,mid_only
2026-09-11,723.0,50.345,48.6,52.09,0.095,0.09,0.1,False,mid_only
2026-09-11,724.0,49.695,48.21,51.18,0.105,0.1,0.11,False,mid_only
2026-09-11,725.0,48.765,46.6,50.93,0.105,0.1,0.11,False,mid_only
2026-09-11,726.0,47.76,45.61,49.91,0.105,0.1,0.11,False,mid_only
2026-09-11,727.0,46.81,44.62,49.0,0.1149999999999999,0.11,0.12,False,mid_only
2026-09-11,728.0,45.8,43.62,47.98,0.1149999999999999,0.11,0.12,False,mid_only
2026-09-11,729.0,44.790000000000006,42.63,46.95,0.125,0.12,0.13,False,mid_only
2026-09-11,730.0,43.81,41.63,45.99,0.125,0.12,0.13,False,mid_only
2026-09-11,731.0,42.825,40.65,45.0,0.135,0.13,0.14,False,mid_only
2026-09-11,732.0,41.74,40.26,43.22,0.135,0.13,0.14,True,ok
2026-09-11,733.0,40.82,38.64,43.0,0.145,0.14,0.15,False,mid_only
2026-09-11,734.0,39.835,37.67,42.0,0.145,0.14,0.15,False,mid_only
2026-09-11,735.0,38.13,36.66,39.6,0.155,0.15,0.16,False,mid_only
2026-09-11,736.0,37.870000000000005,35.74,40.0,0.165,0.16,0.17,False,mid_only
2026-09-11,737.0,36.845,34.69,39.0,0.175,0.17,0.18,False,mid_only
2026-09-11,738.0,35.790000000000006,34.31,37.27,0.185,0.18,0.19,True,ok
2026-09-11,739.0,34.855000000000004,32.71,37.0,0.195,0.19,0.2,False,mid_only
2026-09-11,740.0,33.815,32.33,35.3,0.205,0.2,0.21,False,mid_only
2026-09-11,741.0,32.945,30.73,35.16,0.215,0.21,0.22,False,mid_only
2026-09-11,742.0,31.97,29.87,34.07,0.235,0.23,0.24,False,mid_only
2026-09-11,743.0,30.54,29.37,31.71,0.245,0.24,0.25,False,mid_only
2026-09-11,744.0,29.880000000000003,28.39,31.37,0.265,0.26,0.27,False,mid_only
2026-09-11,745.0,29.025,27.66,30.39,0.285,0.28,0.29,False,mid_only
2026-09-11,746.0,27.92,26.43,29.41,0.305,0.3,0.31,False,mid_only
2026-09-11,747.0,26.950000000000003,25.46,28.44,0.335,0.33,0.34,False,mid_only
2026-09-11,748.0,25.435,24.49,26.38,0.365,0.36,0.37,False,mid_only
2026-09-11,749.0,25.01,23.52,26.5,0.395,0.39,0.4,False,mid_only
2026-09-11,750.0,23.965,23.64,24.29,0.435,0.43,0.44,False,mid_only
2026-09-11,751.0,23.020000000000003,21.92,24.12,0.475,0.47,0.48,False,mid_only
2026-09-11,752.0,22.07,20.96,23.18,0.515,0.51,0.52,True,ok
2026-09-11,753.0,21.21,20.78,21.64,0.565,0.56,0.57,False,mid_only
2026-09-11,754.0,20.26,19.84,20.68,0.625,0.62,0.63,False,mid_only
2026-09-11,755.0,19.33,18.9,19.76,0.69,0.68,0.7,False,mid_only
2026-09-11,756.0,18.43,18.09,18.77,0.755,0.75,0.76,False,mid_only
2026-09-11,757.0,17.375,16.08,18.67,0.835,0.83,0.84,True,ok
2026-09-11,758.0,16.384999999999998,15.16,17.61,0.925,0.92,0.93,False,mid_only
2026-09-11,759.0,15.55,15.37,15.73,1.025,1.02,1.03,False,mid_only
2026-09-11,760.0,14.665,14.49,14.84,1.1349999999999998,1.13,1.14,True,ok
2026-09-11,761.0,13.78,13.6,13.96,1.255,1.25,1.26,True,ok
2026-09-11,762.0,12.915,12.73,13.1,1.39,1.38,1.4,True,ok
2026-09-11,763.0,12.06,11.88,12.24,1.54,1.53,1.55,True,ok
2026-09-11,764.0,11.23,11.06,11.4,1.71,1.7,1.72,True,ok
2026-09-11,765.0,10.42,10.25,10.59,1.89,1.88,1.9,True,ok
2026-09-11,766.0,9.63,9.46,9.8,2.1,2.09,2.11,True,ok
2026-09-11,767.0,8.879999999999999,8.75,9.01,2.33,2.32,2.34,True,ok
2026-09-11,768.0,8.115,8.0,8.23,2.59,2.58,2.6,True,ok
2026-09-11,769.0,7.390000000000001,7.23,7.55,2.87,2.86,2.88,True,ok
2026-09-11,770.0,6.715,6.63,6.8,3.1900000000000004,3.18,3.2,True,ok
2026-09-11,771.0,6.05,5.89,6.21,3.535,3.52,3.55,True,ok
2026-09-11,772.0,5.41,5.28,5.54,3.915,3.9,3.93,False,mid_only
2026-09-11,773.0,4.855,4.84,4.87,4.335,4.32,4.35,True,ok
2026-09-11,774.0,4.3,4.29,4.31,4.785,4.77,4.8,True,ok
2026-09-11,775.0,3.79,3.78,3.8,5.275,5.21,5.34,True,ok
2026-09-11,776.0,3.315,3.31,3.32,5.805,5.7,5.91,True,ok
2026-09-11,777.0,2.885,2.87,2.9,6.265000000000001,6.09,6.44,False,mid_only
2026-09-11,778.0,2.4800000000000004,2.47,2.49,7.0,6.71,7.29,False,mid_only
2026-09-11,779.0,2.125,2.12,2.13,7.65,7.36,7.94,False,mid_only
2026-09-11,780.0,1.81,1.8,1.82,8.350000000000001,8.05,8.65,False,mid_only
2026-09-11,781.0,1.525,1.52,1.53,9.08,8.77,9.39,False,mid_only
2026-09-11,782.0,1.28,1.27,1.29,9.845,9.54,10.15,False,mid_only
2026-09-11,783.0,1.065,1.06,1.07,10.655,10.35,10.96,False,mid_only
2026-09-11,784.0,0.88,0.87,0.89,11.489999999999998,11.19,11.79,False,mid_only
2026-09-11,785.0,0.72,0.71,0.73,12.345,12.05,12.64,False,mid_only
2026-09-11,786.0,0.585,0.58,0.59,13.375,12.0,14.75,False,mid_only
2026-09-11,787.0,0.475,0.47,0.48,14.145,12.22,16.07,False,mid_only
2026-09-11,788.0,0.385,0.38,0.39,15.14,13.22,17.06,False,mid_only
2026-09-11,789.0,0.315,0.31,0.32,16.14,14.22,18.06,False,mid_only
2026-09-11,790.0,0.255,0.25,0.26,17.14,15.22,19.06,False,mid_only
2026-09-11,791.0,0.205,0.2,0.21,18.14,16.22,20.06,False,mid_only
2026-09-11,795.0,0.0849999999999999,0.08,0.09,21.945,19.7,24.19,False,mid_only
2026-09-11,799.0,0.045,0.04,0.05,25.92,23.7,28.14,False,mid_only
2026-09-11,800.0,0.045,0.04,0.05,26.94,24.7,29.18,False,mid_only
2026-09-11,801.0,0.035,0.03,0.04,27.97,25.76,30.18,False,mid_only
2026-09-11,802.0,0.035,0.03,0.04,28.96,26.74,31.18,False,mid_only
2026-09-14,700.0,73.81,71.67,75.95,0.0849999999999999,0.08,0.09,False,mid_only
2026-09-14,715.0,58.745000000000005,56.67,60.82,0.1149999999999999,0.11,0.12,False,mid_only
2026-09-14,720.0,53.875,51.75,56.0,0.135,0.13,0.14,False,mid_only
2026-09-14,725.0,48.885,46.72,51.05,0.155,0.15,0.16,False,mid_only
2026-09-14,730.0,43.92,41.76,46.08,0.185,0.18,0.19,False,mid_only
2026-09-14,740.0,34.19,32.07,36.31,0.305,0.3,0.31,False,mid_only
2026-09-14,745.0,28.405,27.31,29.5,0.425,0.42,0.43,False,mid_only
2026-09-14,750.0,24.3,22.81,25.79,0.615,0.61,0.62,False,mid_only
2026-09-14,755.0,19.55,18.45,20.65,0.93,0.92,0.94,False,mid_only
2026-09-14,760.0,15.03,14.84,15.22,1.44,1.43,1.45,True,ok
2026-09-14,765.0,10.865,10.68,11.05,2.265,2.25,2.28,True,ok
2026-09-14,770.0,7.175000000000001,7.03,7.32,3.605,3.59,3.62,False,mid_only
2026-09-14,775.0,4.275,4.26,4.29,5.68,5.66,5.7,True,ok
2026-09-14,780.0,2.2,2.19,2.21,8.66,8.34,8.98,False,mid_only
2026-09-14,785.0,0.97,0.96,0.98,12.52,12.17,12.87,False,mid_only
2026-09-14,790.0,0.38,0.37,0.39,17.065,15.22,18.91,False,mid_only
2026-09-14,795.0,0.145,0.14,0.15,22.130000000000003,20.19,24.07,False,mid_only
2026-09-14,800.0,0.065,0.06,0.07,26.955,24.73,29.18,False,mid_only
2026-09-15,715.0,58.745,56.8,60.69,0.155,0.15,0.16,False,mid_only
2026-09-15,720.0,53.85,51.81,55.89,0.175,0.17,0.18,False,mid_only
2026-09-15,725.0,48.875,46.87,50.88,0.205,0.2,0.21,False,mid_only
2026-09-15,730.0,44.065,41.9,46.23,0.255,0.25,0.26,False,mid_only
2026-09-15,740.0,34.385000000000005,32.27,36.5,0.405,0.4,0.41,False,mid_only
2026-09-15,745.0,29.375,27.55,31.2,0.555,0.55,0.56,True,ok
2026-09-15,750.0,24.685,22.94,26.43,0.78,0.77,0.79,False,mid_only
2026-09-15,755.0,19.845,18.19,21.5,1.135,1.12,1.15,False,mid_only
2026-09-15,760.0,15.36,15.16,15.56,1.6949999999999998,1.69,1.7,False,mid_only
2026-09-15,765.0,11.245,11.04,11.45,2.56,2.55,2.57,False,mid_only
2026-09-15,770.0,7.62,7.53,7.71,3.925,3.91,3.94,True,ok
2026-09-15,775.0,4.654999999999999,4.64,4.67,5.995,5.98,6.01,True,ok
2026-09-15,780.0,2.52,2.51,2.53,8.89,8.56,9.22,True,ok
2026-09-15,785.0,1.19,1.18,1.2,12.65,12.29,13.01,False,mid_only
